-- Вставка данных в порядке очереди
INSERT INTO "public"."Levels" ("Id", "Title", "Coefficient") VALUES (1, 'A', 1),(2, 'B', 2),(3, 'C', 3);
INSERT INTO "public"."Roles" ("Id", "Name") VALUES (1, 'Танцор'),(2, 'Тренер'),(3, 'Руководитель'),(4, 'Админ');
INSERT INTO "public"."Rooms" ("Id", "Name") VALUES (1, 'Бассеин'),(2, 'Октагон'),(3, 'Комната 1'),(4, 'Комната 2'),(5, 'Комната 3'),(6, 'Комната 4'),(7, 'Кабинет Директора');
INSERT INTO "public"."LessonTypes" ("Id", "Name", "Price", "Type") VALUES (1, 'Танго', 1000, 'Тип 1'),(2, 'Манго', 2000, 'Тип 2'),(3, 'Вальс', 1000, 'Тип 3'),(4, 'Грязные танцы', 99999, 'Тип 4');
INSERT INTO "public"."SubscriptionTypes" ("Id", "Name", "ContDay", "Price") VALUES (1, 'Еженедельная', 7, 999),(2, 'Ежемесячная', 31, 999),(3, 'Годовая', 365, 999);
INSERT INTO "public"."Subscriptions" ("Id","SubscriptionTypeId","StartDay","FinishDay") VALUES(1,1,'2021-10-01','2022-10-02'),(2,1,'2021-10-01','2022-10-02'),(3,1,'2021-11-01','2022-11-02');
INSERT INTO "public"."Users" ("Id","Surname","FirstName","SecondName","BirthDate","IsDeleted","Gender","Email","PhoneNumber","RoleId","SubscriptionId","LevelId","Salary", "Username")
VALUES (1,'Петров','Надя','Васильевич','2017-03-18',true,'man','test@test.ru','88005553535',2,2,3,1.1,'CodeX'),
(2,'Воробей','Надя','Александрович','2017-05-10',true,'man','test@test.ru','88005553535',4,2,1,1.1,'DevZen'),
(3,'Волков','Антон','Иванович','2017-09-24',true,'women','test@test.ru','88005553535',4,2,2,1.1,'ProgM'),
(4,'Сиденков','Женя','Александрович','2017-02-27',true,'man','test@test.ru','88005553535',1,2,1,1.1,'ByteB'),
(5,'Петров','Саша','Сергеевич','2017-10-06',true,'women','test@test.ru','88005553535',4,1,2,1.1,'DataD'),
(6,'Иванов','Женя','Александрович','2017-09-28',true,'man','test@test.ru','88005553535',1,2,3,1.1,'LogicL'),
(7,'Иванов','Геворг','Петрович','2017-07-31',true,'women','test@test.ru','88005553535',1,1,2,1.1,'FlowF'),
(8,'Сиденков','Геворг','Иванович','2017-03-03',true,'man','test@test.ru','88005553535',2,3,3,1.1,'LoopL'),
(9,'Воробей','Геворг','Иванович','2017-10-28',true,'man','test@test.ru','88005553535',4,3,1,1.1,'MathM'),
(10,'Огородник','Надя','Васильевич','2017-07-02',true,'women','test@test.ru','88005553535',1,3,3,1.1,'NumN'),
(11,'Воробей','Саша','Александрович','2017-05-29',true,'women','test@test.ru','88005553535',3,1,2,1.1,'StrS'),
(12,'Иванов','Миша','Михаэлевич','2017-12-29',true,'women','test@test.ru','88005553535',1,3,3,1.1,'CharC'),
(13,'Волков','Надя','Александрович','2017-05-25',true,'man','test@test.ru','88005553535',4,2,2,1.1,'IntI'),
(14,'Огородник','Саша','Александрович','2017-07-04',true,'women','test@test.ru','88005553535',4,1,2,1.1,'FloatF'),
(15,'Волков','Надя','Иванович','2017-09-10',true,'women','test@test.ru','88005553535',4,1,1,1.1,'BoolB'),
(16,'Петров','Саша','Михаэлевич','2017-04-23',true,'women','test@test.ru','88005553535',2,1,2,1.1,'ListL'),
(17,'Волков','Саша','Иванович','2017-10-31',true,'women','test@test.ru','88005553535',2,1,2,1.1,'SetS'),
(18,'Воробей','Надя','Васильевич','2017-02-13',true,'man','test@test.ru','88005553535',4,3,1,1.1,'MapM'),
(19,'Петров','Саша','Сергеевич','2017-11-11',true,'man','test@test.ru','88005553535',1,2,3,1.1,'QueueQ'),
(20,'Воробей','Миша','Александрович','2017-11-27',true,'women','test@test.ru','88005553535',3,1,2,1.1,'tackStk'),
(21,'Иванов','Саша','Михаэлевич','2017-05-07',true,'man','test@test.ru','88005553535',1,2,3,1.1,'TreeTr'),
(22,'Петров','Женя','Сергеевич','2017-04-15',true,'man','test@test.ru','88005553535',1,3,2,1.1,'GraphG'),
(23,'Петров','Антон','Васильевич','2017-04-08',true,'man','test@test.ru','88005553535',3,2,1,1.1,'NodeNd'),
(24,'Огородник','Саша','Васильевич','2017-08-26',true,'man','test@test.ru','88005553535',2,1,1,1.1,'EdgeEd'),
(25,'Волков','Надя','Васильевич','2017-08-31',true,'man','test@test.ru','88005553535',1,1,3,1.1,'VertexVx'),
(26,'Огородник','Надя','Александрович','2017-01-06',true,'women','test@test.ru','88005553535',1,2,1,1.1,'PointPt'),
(27,'Воробей','Геворг','Сергеевич','2017-11-08',true,'man','test@test.ru','88005553535',3,2,2,1.1,'LineLn'),
(28,'Волков','Геворг','Александрович','2017-07-26',true,'women','test@test.ru','88005553535',1,3,1,1.1,'RectRc'),
(29,'Огородник','Антон','Михаэлевич','2017-03-08',true,'man','test@test.ru','88005553535',1,1,3,1.1,'CircleCr'),
(30,'Огородник','Антон','Александрович','2017-02-05',true,'women','test@test.ru','88005553535',3,2,1,1.1,'TriangleTr'),
(31,'Петров','Миша','Петрович','2017-04-24',true,'women','test@test.ru','88005553535',1,2,1,1.1,'PolygonPl'),
(32,'Волков','Миша','Иванович','2017-04-11',true,'man','test@test.ru','88005553535',3,3,1,1.1,'ShapeShp'),
(33,'Воробей','Антон','Иванович','2017-11-15',true,'man','test@test.ru','88005553535',1,1,1,1.1,'ColorClr'),
(34,'Иванов','Надя','Александрович','2017-05-16',true,'women','test@test.ru','88005553535',3,3,2,1.1,'RGBRgb'),
(35,'Сиденков','Саша','Петрович','2017-10-29',true,'women','test@test.ru','88005553535',2,3,2,1.1,'HSLHsl'),
(36,'Иванов','Антон','Сергеевич','2017-08-05',true,'man','test@test.ru','88005553535',4,1,1,1.1,'HexHx'),
(37,'Петров','Антон','Васильевич','2017-12-31',true,'women','test@test.ru','88005553535',4,1,2,1.1,'PixelPxl'),
(38,'Воробей','Саша','Васильевич','2017-10-03',true,'women','test@test.ru','88005553535',1,3,2,1.1,'BitBit'),
(39,'Сиденков','Антон','Михаэлевич','2017-08-19',true,'man','test@test.ru','88005553535',3,2,2,1.1,'ByteByt'),
(40,'Иванов','Женя','Иванович','2017-08-11',true,'man','test@test.ru','88005553535',4,1,2,1.1,'KiloKl'),
(41,'Воробей','Геворг','Петрович','2017-05-20',true,'man','test@test.ru','88005553535',4,1,3,1.1,'MegaMg'),
(42,'Огородник','Антон','Сергеевич','2017-10-20',true,'women','test@test.ru','88005553535',3,1,2,1.1,'GigaGg'),
(43,'Огородник','Антон','Петрович','2017-07-30',true,'man','test@test.ru','88005553535',4,3,1,1.1,'TeraTr'),
(44,'Сиденков','Надя','Петрович','2017-05-16',true,'women','test@test.ru','88005553535',4,3,3,1.1,'PetaPt'),
(45,'Сиденков','Геворг','Иванович','2017-02-24',true,'women','test@test.ru','88005553535',2,3,2,1.1,'ExaEx'),
(46,'Иванов','Миша','Михаэлевич','2017-09-23',true,'man','test@test.ru','88005553535',4,2,2,1.1,'ZettaZz'),
(47,'Сиденков','Миша','Михаэлевич','2017-10-20',true,'man','test@test.ru','88005553535',4,3,1,1.1,'YottaYt'),
(48,'Иванов','Антон','Петрович','2017-05-22',true,'women','test@test.ru','88005553535',2,3,1,1.1,'FiboFb'),
(49,'Воробей','Миша','Петрович','2017-01-31',true,'women','test@test.ru','88005553535',1,3,2,1.1,'PrimePr'),
(50,'Иванов','Миша','Васильевич','2017-02-26',true,'women','test@test.ru','88005553535',4,3,3,1.1,'CompositeCo'),
(51,'Сиденков','Миша','Васильевич','2017-02-19',true,'man','test@test.ru','88005553535',2,2,3,1.1,'IrrationalIrr'),
(52,'Огородник','Антон','Александрович','2017-09-12',true,'women','test@test.ru','88005553535',1,2,3,1.1,'RationalRat'),
(53,'Воробей','Антон','Петрович','2017-07-03',true,'women','test@test.ru','88005553535',2,3,2,1.1,'IntegerInt'),
(54,'Воробей','Миша','Иванович','2017-09-21',true,'man','test@test.ru','88005553535',1,1,2,1.1,'FractionFr'),
(55,'Огородник','Саша','Александрович','2017-06-09',true,'women','test@test.ru','88005553535',2,2,2,1.1,'DecimalDec'),
(56,'Волков','Геворг','Иванович','2017-12-03',true,'women','test@test.ru','88005553535',3,3,1,1.1,'BinaryBin'),
(57,'Иванов','Миша','Михаэлевич','2017-07-03',true,'women','test@test.ru','88005553535',3,2,2,1.1,'OctalOct'),
(58,'Огородник','Геворг','Александрович','2017-01-20',true,'man','test@test.ru','88005553535',1,3,1,1.1,'HexadecimalHx'),
(59,'Иванов','Миша','Иванович','2018-01-01',true,'women','test@test.ru','88005553535',1,1,3,1.1,'ASCIIAscii'),
(60,'Иванов','Саша','Иванович','2017-06-24',true,'man','test@test.ru','88005553535',2,2,2,1.1,'UnicodeUnicode'),
(61,'Воробей','Антон','Михаэлевич','2017-09-17',true,'man','test@test.ru','88005553535',3,2,3,1.1,'UTF8Utf8'),
(62,'Сиденков','Женя','Васильевич','2017-07-25',true,'women','test@test.ru','88005553535',2,3,3,1.1,'UTF16Utf16'),
(63,'Иванов','Геворг','Васильевич','2017-12-21',true,'man','test@test.ru','88005553535',1,2,1,1.1,'UTF32Utf32'),
(64,'Волков','Геворг','Александрович','2017-11-02',true,'man','test@test.ru','88005553535',3,1,2,1.1,'BMPBmp'),
(65,'Иванов','Саша','Иванович','2017-03-12',true,'man','test@test.ru','88005553535',1,2,1,1.1,'JPEGJpg'),
(66,'Петров','Геворг','Васильевич','2017-06-21',true,'man','test@test.ru','88005553535',1,3,3,1.1,'PNGPng'),
(67,'Петров','Женя','Васильевич','2017-01-10',true,'man','test@test.ru','88005553535',2,1,2,1.1,'GIFGif'),
(68,'Сиденков','Геворг','Сергеевич','2017-01-21',true,'women','test@test.ru','88005553535',4,3,2,1.1,'SVGSvg'),
(69,'Воробей','Надя','Васильевич','2017-07-07',true,'women','test@test.ru','88005553535',4,2,2,1.1,'HTMLHtml'),
(70,'Иванов','Женя','Петрович','2017-12-08',true,'women','test@test.ru','88005553535',2,1,1,1.1,'CSSCss'),
(71,'Петров','Антон','Иванович','2017-03-03',true,'women','test@test.ru','88005553535',3,3,3,1.1,'JavaScriptJs'),
(72,'Волков','Надя','Иванович','2017-11-05',true,'women','test@test.ru','88005553535',3,2,2,1.1,'PythonPy'),
(73,'Огородник','Надя','Иванович','2017-03-10',true,'women','test@test.ru','88005553535',3,1,2,1.1,'JavaJv'),
(74,'Воробей','Надя','Петрович','2017-12-26',true,'women','test@test.ru','88005553535',1,2,3,1.1,'CPlusCpp'),
(75,'Воробей','Геворг','Петрович','2017-01-04',true,'man','test@test.ru','88005553535',4,3,3,1.1,'RubyRb'),
(76,'Петров','Геворг','Васильевич','2017-06-23',true,'women','test@test.ru','88005553535',2,2,1,1.1,'SwiftSwift'),
(77,'Иванов','Саша','Сергеевич','2017-12-29',true,'man','test@test.ru','88005553535',2,1,2,1.1,'GoGo'),
(78,'Иванов','Антон','Петрович','2017-11-02',true,'women','test@test.ru','88005553535',2,3,3,1.1,'RustRs'),
(79,'Сиденков','Антон','Сергеевич','2017-01-26',true,'man','test@test.ru','88005553535',4,1,3,1.1,'TypeScriptTs'),
(80,'Сиденков','Женя','Иванович','2017-12-10',true,'women','test@test.ru','88005553535',3,1,3,1.1,'PHPPhp'),
(81,'Иванов','Надя','Михаэлевич','2017-01-19',true,'women','test@test.ru','88005553535',1,3,3,1.1,'SQLSql'),
(82,'Волков','Геворг','Михаэлевич','2017-09-24',true,'man','test@test.ru','88005553535',1,2,3,1.1,'MySQLMySql'),
(83,'Сиденков','Антон','Иванович','2017-09-26',true,'man','test@test.ru','88005553535',4,3,3,1.1,'PostgreSQLPostgresql'),
(84,'Огородник','Надя','Михаэлевич','2017-12-29',true,'women','test@test.ru','88005553535',4,2,2,1.1,'MongoDBMongoDb'),
(85,'Иванов','Антон','Иванович','2017-04-29',true,'man','test@test.ru','88005553535',4,2,2,1.1,'OracleOracle'),
(86,'Волков','Геворг','Петрович','2017-06-15',true,'man','test@test.ru','88005553535',4,2,3,1.1,'SQLiteSqlite'),
(87,'Воробей','Антон','Иванович','2017-10-08',true,'man','test@test.ru','88005553535',3,2,2,1.1,'FirebaseFirebase'),
(88,'Петров','Геворг','Михаэлевич','2017-07-28',true,'women','test@test.ru','88005553535',4,2,1,1.1,'AWSAws'),
(89,'Огородник','Надя','Иванович','2017-11-22',true,'man','test@test.ru','88005553535',1,2,3,1.1,'AzureAzure'),
(90,'Огородник','Надя','Михаэлевич','2017-08-09',true,'women','test@test.ru','88005553535',3,1,3,1.1,'GoogleCloudGooglecloud'),
(91,'Огородник','Саша','Петрович','2017-09-30',true,'man','test@test.ru','88005553535',4,2,2,1.1,'IBMIBM'),
(92,'Волков','Женя','Михаэлевич','2017-07-07',true,'man','test@test.ru','88005553535',4,2,3,1.1,'OracleOracle'),
(93,'Сиденков','Геворг','Александрович','2017-11-03',true,'women','test@test.ru','88005553535',4,2,3,1.1,'SalesforceSalesforce'),
(94,'Петров','Миша','Александрович','2017-04-20',true,'man','test@test.ru','88005553535',3,3,2,1.1,'AdobeAdobe'),
(95,'Волков','Миша','Александрович','2017-01-07',true,'man','test@test.ru','88005553535',4,2,1,1.1,'MicrosoftMicrosoft'),
(96,'Петров','Миша','Михаэлевич','2017-06-14',true,'women','test@test.ru','88005553535',4,1,1,1.1,'AppleApple'),
(97,'Петров','Антон','Петрович','2017-07-18',true,'man','test@test.ru','88005553535',3,3,3,1.1,'AndroidAndroid'),
(98,'Сиденков','Женя','Иванович','2017-09-26',true,'man','test@test.ru','88005553535',3,3,3,1.1,'LinuxLinux'),
(99,'Огородник','Антон','Иванович','2017-05-15',true,'women','test@test.ru','88005553535',4,1,2,1.1,'WindowsWindows'),
(100,'Волков','Геворг','Васильевич','2017-06-15',true,'women','test@test.ru','88005553535',3,1,3,1.1,'MacOSMacos');
INSERT INTO "public"."Lessons" ("Id", "LessonTypeId", "UserId", "RoomId", "Date", "Start", "Finish", "LevelId") 
VALUES (1, 1, 56, 7, '2024-01-25 22:23:09', '2024-01-25 22:23:10', '2024-01-25 22:23:11', 1),
(2, 1, 56, 7, '2024-01-25 22:23:09', '2024-01-25 22:23:10', '2024-01-25 22:23:11', 1),
(3, 1, 56, 7, '2024-01-25 22:23:09', '2024-01-25 22:23:10', '2024-01-25 22:23:11', 1);
INSERT INTO "public"."LessonUsers" ("Id", "UserId", "LessonId", "IsVisit") VALUES (1, 15, 2, 'false'),
(2, 64, 2, 'true'),
(3, 17, 1, 'true'),
(4, 100, 1, 'false');
INSERT INTO "public"."Invitations" ("Id", "CreatorId", "LessonId", "IsSatisfied") VALUES (1, 15, 2, 'false'),
(2, 64, 2, 'true'),
(3, 17, 1, 'true'),
(4, 100, 1, 'false');
INSERT INTO "public"."Notifications" ("Id", "CreatorId", "Body") VALUES (1, 15, 'Hello'),
(2, 64, 'Its me'),
(3, 17, 'I am'),
(4, 100, 'Here');
INSERT INTO "public"."InvitationNotificationStatuses" ("Id", "InvitationId", "NotificationId", "ReceiverId", "IsRead", "IsAccepted") VALUES (1, 1, 1, 16, 'false', 'true'),
(2, 2, 2, 65, 'true', 'false'),
(3, 3, 3, 18, 'true', 'false'),
(4, 4, 3, 99, 'false', 'true');

-- А вот теперь обновляем аутоинкременты
SELECT setval('"Lessons_Id_seq"',10);
SELECT setval('"LessonTypes_Id_seq"',10);
SELECT setval('"LessonUsers_Id_seq"',10);
SELECT setval('"Levels_Id_seq"',10);
SELECT setval('"Roles_Id_seq"',10);
SELECT setval('"Rooms_Id_seq"',10);
SELECT setval('"Subscriptions_Id_seq"',10);
SELECT setval('"SubscriptionTypes_Id_seq"',10);
SELECT setval('"Users_Id_seq"',110);
SELECT setval('"Invitations_Id_seq"',10);
SELECT setval('"Notifications_Id_seq"',10);
SELECT setval('"InvitationNotificationStatuses_Id_seq"',10);
